external_source,external_id,source_url,crawled_at,title,description,terms_and_conditions,original_price,sale_price,currency,thumbnail_url,usage_validity_days,brand_external_ids,category_external_ids,branch_external_ids
giftpop.vn,MP2212130004,https://www.giftpop.vn/category/view/MP2212130004?category_code=A109,2026-08-25T04:38:57.946Z,Phiếu quà tặng Laneige 1000K,"Laneige là thương hiệu mỹ phẩm Hàn Quốc và hướng đến việc tạo ra những sản phẩm chăm sóc sắc đẹp mang chất lượng hàng đầu dành cho phái đẹp, với phương châm “Feel the glow” (Tự tin tỏa sáng vẻ đẹp tự nhiên). Sau nhiều năm nghiên cứu chuyên sâu về cơ chế giữ ẩm cho làn da, Laneige rút ra kết luận rằng dưỡng ẩm chính là chìa khóa thiết yếu giúp làn da tỏa sáng từ bên trong, là giải pháp cho nhiều vấn đề về da. Độ ẩm sâu giúp nuôi dưỡng làn da, tăng cường hàng rào bảo vệ da, thanh lọc và duy trì một làn da khoẻ mạnh, trong trẻo và rạng rỡ hơn. Từ đó, các sản phẩm của hãng đều đi theo tiêu chí này.
Laneige là thương hiệu trực thuộc tập đoàn Amorepacific Corporation, được thành lập bởi Suh Seong-Hwan và chuyên cung cấp ra thị trường các sản phẩm chăm sóc da, trang điểm và chăm sóc sức khỏe. Năm 1994, Laneige lần đầu tiên ra mắt tại xứ sở Kim Chi. Cái tên Laneige được bắt nguồn từ tiếng Pháp với ý nghĩa là “tuyết” (Snow) – ngụ ý điều mà thương hiệu này muốn hướng đến chính là mang lại một làn da trong trẻo, ẩm mượt, trắng mịn màng và không tỳ vết như những bông tuyết trắng.","• Mỗi voucher chỉ được sử dụng 01 lần. Khách hàng sử dụng nhiều voucher cùng lúc cho 01 đơn hàng.
• Voucher chỉ áp dụng sử dụng trực tiếp tại cửa hàng.
• Không có giá trị quy đổi thành tiền mặt, không được hoàn trả tiền thừa.
• Không hoàn trả hoặc bán lại được.
• Nếu giá tiền đơn đặt hàng của khách hàng vượt quá giá trị của voucher thì khách hàng phải thanh toán thêm số tiền chênh lệch đó.
• Voucher được áp dụng với các chương trình khuyến mại khác và chương trình tích điểm thành viên.
• Voucher được sử dụng trong các ngày Lễ Tết.
• Cửa hàng sẽ xuất hoá đơn VAT khi khách hàng cho nhu cầu.
• Khách hàng có trách nhiệm bảo mật thông tin mã thẻ quà tặng sau khi đặt mua. Giftpop sẽ không chịu trách nhiệm hoàn trả các mã thẻ bị mất hoặc ở trạng thái ""Đã sử dụng"" với bất kỳ lý do gì.
• Giftpop sẽ không chịu trách nhiệm đối với chất lượng sản phẩm hoặc dịch vụ được cung cấp cũng như đối với các tranh chấp về sau giữa khách hàng và nhà cung cấp.
• Giftpop có quyền sửa chữa hoặc thay đổi điều khoản và điều kiện sử dụng mà không thông báo trước.
• Hạn sử dụng: 90 ngày kể từ ngày mua.
• Hotline Giftpop: 1900 55 88 12.",1000000,,VND,https://img.giftpop.vn/brand/LANEIGE/MP2212130004_BASIC_origin.jpg,90,LANEIGE,A109,
giftpop.vn,MP2212130003,https://www.giftpop.vn/category/view/MP2212130003?category_code=A109,2026-08-25T04:38:57.946Z,Phiếu quà tặng Laneige 500K,"Laneige là thương hiệu mỹ phẩm Hàn Quốc và hướng đến việc tạo ra những sản phẩm chăm sóc sắc đẹp mang chất lượng hàng đầu dành cho phái đẹp, với phương châm “Feel the glow” (Tự tin tỏa sáng vẻ đẹp tự nhiên). Sau nhiều năm nghiên cứu chuyên sâu về cơ chế giữ ẩm cho làn da, Laneige rút ra kết luận rằng dưỡng ẩm chính là chìa khóa thiết yếu giúp làn da tỏa sáng từ bên trong, là giải pháp cho nhiều vấn đề về da. Độ ẩm sâu giúp nuôi dưỡng làn da, tăng cường hàng rào bảo vệ da, thanh lọc và duy trì một làn da khoẻ mạnh, trong trẻo và rạng rỡ hơn. Từ đó, các sản phẩm của hãng đều đi theo tiêu chí này.
Laneige là thương hiệu trực thuộc tập đoàn Amorepacific Corporation, được thành lập bởi Suh Seong-Hwan và chuyên cung cấp ra thị trường các sản phẩm chăm sóc da, trang điểm và chăm sóc sức khỏe. Năm 1994, Laneige lần đầu tiên ra mắt tại xứ sở Kim Chi. Cái tên Laneige được bắt nguồn từ tiếng Pháp với ý nghĩa là “tuyết” (Snow) – ngụ ý điều mà thương hiệu này muốn hướng đến chính là mang lại một làn da trong trẻo, ẩm mượt, trắng mịn màng và không tỳ vết như những bông tuyết trắng.","• Mỗi voucher chỉ được sử dụng 01 lần. Khách hàng sử dụng nhiều voucher cùng lúc cho 01 đơn hàng.
• Voucher chỉ áp dụng sử dụng trực tiếp tại cửa hàng.
• Không có giá trị quy đổi thành tiền mặt, không được hoàn trả tiền thừa.
• Không hoàn trả hoặc bán lại được.
• Nếu giá tiền đơn đặt hàng của khách hàng vượt quá giá trị của voucher thì khách hàng phải thanh toán thêm số tiền chênh lệch đó.
• Voucher được áp dụng với các chương trình khuyến mại khác và chương trình tích điểm thành viên.
• Voucher được sử dụng trong các ngày Lễ Tết.
• Cửa hàng sẽ xuất hoá đơn VAT khi khách hàng cho nhu cầu.
• Khách hàng có trách nhiệm bảo mật thông tin mã thẻ quà tặng sau khi đặt mua. Giftpop sẽ không chịu trách nhiệm hoàn trả các mã thẻ bị mất hoặc ở trạng thái ""Đã sử dụng"" với bất kỳ lý do gì.
• Giftpop sẽ không chịu trách nhiệm đối với chất lượng sản phẩm hoặc dịch vụ được cung cấp cũng như đối với các tranh chấp về sau giữa khách hàng và nhà cung cấp.
• Giftpop có quyền sửa chữa hoặc thay đổi điều khoản và điều kiện sử dụng mà không thông báo trước.
• Hạn sử dụng: 90 ngày kể từ ngày mua.
• Hotline Giftpop: 1900 55 88 12.",500000,,VND,https://img.giftpop.vn/brand/LANEIGE/MP2212130003_BASIC_origin.jpg,90,LANEIGE,A109,
giftpop.vn,MP2212130002,https://www.giftpop.vn/category/view/MP2212130002?category_code=A109,2026-08-25T04:38:57.946Z,Phiếu quà tặng Laneige 200K,"Laneige là thương hiệu mỹ phẩm Hàn Quốc và hướng đến việc tạo ra những sản phẩm chăm sóc sắc đẹp mang chất lượng hàng đầu dành cho phái đẹp, với phương châm “Feel the glow” (Tự tin tỏa sáng vẻ đẹp tự nhiên). Sau nhiều năm nghiên cứu chuyên sâu về cơ chế giữ ẩm cho làn da, Laneige rút ra kết luận rằng dưỡng ẩm chính là chìa khóa thiết yếu giúp làn da tỏa sáng từ bên trong, là giải pháp cho nhiều vấn đề về da. Độ ẩm sâu giúp nuôi dưỡng làn da, tăng cường hàng rào bảo vệ da, thanh lọc và duy trì một làn da khoẻ mạnh, trong trẻo và rạng rỡ hơn. Từ đó, các sản phẩm của hãng đều đi theo tiêu chí này.
Laneige là thương hiệu trực thuộc tập đoàn Amorepacific Corporation, được thành lập bởi Suh Seong-Hwan và chuyên cung cấp ra thị trường các sản phẩm chăm sóc da, trang điểm và chăm sóc sức khỏe. Năm 1994, Laneige lần đầu tiên ra mắt tại xứ sở Kim Chi. Cái tên Laneige được bắt nguồn từ tiếng Pháp với ý nghĩa là “tuyết” (Snow) – ngụ ý điều mà thương hiệu này muốn hướng đến chính là mang lại một làn da trong trẻo, ẩm mượt, trắng mịn màng và không tỳ vết như những bông tuyết trắng.","• Mỗi voucher chỉ được sử dụng 01 lần. Khách hàng sử dụng nhiều voucher cùng lúc cho 01 đơn hàng.
• Voucher chỉ áp dụng sử dụng trực tiếp tại cửa hàng.
• Không có giá trị quy đổi thành tiền mặt, không được hoàn trả tiền thừa.
• Không hoàn trả hoặc bán lại được.
• Nếu giá tiền đơn đặt hàng của khách hàng vượt quá giá trị của voucher thì khách hàng phải thanh toán thêm số tiền chênh lệch đó.
• Voucher được áp dụng với các chương trình khuyến mại khác và chương trình tích điểm thành viên.
• Voucher được sử dụng trong các ngày Lễ Tết.
• Cửa hàng sẽ xuất hoá đơn VAT khi khách hàng cho nhu cầu.
• Khách hàng có trách nhiệm bảo mật thông tin mã thẻ quà tặng sau khi đặt mua. Giftpop sẽ không chịu trách nhiệm hoàn trả các mã thẻ bị mất hoặc ở trạng thái ""Đã sử dụng"" với bất kỳ lý do gì.
• Giftpop sẽ không chịu trách nhiệm đối với chất lượng sản phẩm hoặc dịch vụ được cung cấp cũng như đối với các tranh chấp về sau giữa khách hàng và nhà cung cấp.
• Giftpop có quyền sửa chữa hoặc thay đổi điều khoản và điều kiện sử dụng mà không thông báo trước.
• Hạn sử dụng: 90 ngày kể từ ngày mua.
• Hotline Giftpop: 1900 55 88 12.",200000,,VND,https://img.giftpop.vn/brand/LANEIGE/MP2212130002_BASIC_origin.jpg,90,LANEIGE,A109,
giftpop.vn,MP2212130001,https://www.giftpop.vn/category/view/MP2212130001?category_code=A109,2026-08-25T04:38:57.946Z,Phiếu quà tặng Laneige 50K,"Laneige là thương hiệu mỹ phẩm Hàn Quốc và hướng đến việc tạo ra những sản phẩm chăm sóc sắc đẹp mang chất lượng hàng đầu dành cho phái đẹp, với phương châm “Feel the glow” (Tự tin tỏa sáng vẻ đẹp tự nhiên). Sau nhiều năm nghiên cứu chuyên sâu về cơ chế giữ ẩm cho làn da, Laneige rút ra kết luận rằng dưỡng ẩm chính là chìa khóa thiết yếu giúp làn da tỏa sáng từ bên trong, là giải pháp cho nhiều vấn đề về da. Độ ẩm sâu giúp nuôi dưỡng làn da, tăng cường hàng rào bảo vệ da, thanh lọc và duy trì một làn da khoẻ mạnh, trong trẻo và rạng rỡ hơn. Từ đó, các sản phẩm của hãng đều đi theo tiêu chí này.
Laneige là thương hiệu trực thuộc tập đoàn Amorepacific Corporation, được thành lập bởi Suh Seong-Hwan và chuyên cung cấp ra thị trường các sản phẩm chăm sóc da, trang điểm và chăm sóc sức khỏe. Năm 1994, Laneige lần đầu tiên ra mắt tại xứ sở Kim Chi. Cái tên Laneige được bắt nguồn từ tiếng Pháp với ý nghĩa là “tuyết” (Snow) – ngụ ý điều mà thương hiệu này muốn hướng đến chính là mang lại một làn da trong trẻo, ẩm mượt, trắng mịn màng và không tỳ vết như những bông tuyết trắng.","• Mỗi voucher chỉ được sử dụng 01 lần. Khách hàng sử dụng nhiều voucher cùng lúc cho 01 đơn hàng.
• Voucher chỉ áp dụng sử dụng trực tiếp tại cửa hàng.
• Không có giá trị quy đổi thành tiền mặt, không được hoàn trả tiền thừa.
• Không hoàn trả hoặc bán lại được.
• Nếu giá tiền đơn đặt hàng của khách hàng vượt quá giá trị của voucher thì khách hàng phải thanh toán thêm số tiền chênh lệch đó.
• Voucher được áp dụng với các chương trình khuyến mại khác và chương trình tích điểm thành viên.
• Voucher được sử dụng trong các ngày Lễ Tết.
• Cửa hàng sẽ xuất hoá đơn VAT khi khách hàng cho nhu cầu.
• Khách hàng có trách nhiệm bảo mật thông tin mã thẻ quà tặng sau khi đặt mua. Giftpop sẽ không chịu trách nhiệm hoàn trả các mã thẻ bị mất hoặc ở trạng thái ""Đã sử dụng"" với bất kỳ lý do gì.
• Giftpop sẽ không chịu trách nhiệm đối với chất lượng sản phẩm hoặc dịch vụ được cung cấp cũng như đối với các tranh chấp về sau giữa khách hàng và nhà cung cấp.
• Giftpop có quyền sửa chữa hoặc thay đổi điều khoản và điều kiện sử dụng mà không thông báo trước.
• Hạn sử dụng: 90 ngày kể từ ngày mua.
• Hotline Giftpop: 1900 55 88 12.",50000,,VND,https://img.giftpop.vn/brand/LANEIGE/MP2212130001_BASIC_origin.jpg,90,LANEIGE,A109,
